code,name
C1,RandomName1
C2,RandomName2
C3,RandomName3
C4,RandomName4
C5,RandomName5
C6,RandomName6
C7,RandomName7
C8,RandomName8
C9,RandomName9
C10,RandomName10
C11,RandomName11
C12,RandomName12
C13,RandomName13
C14,RandomName14
C15,RandomName15
C16,RandomName16
C17,RandomName17
C18,RandomName18
C19,RandomName19
C20,RandomName20
C21,RandomName21
C22,RandomName22
C23,RandomName23
C24,RandomName24
C25,RandomName25
C26,RandomName26
C27,RandomName27
C28,RandomName28
C29,RandomName29
C30,RandomName30
C31,RandomName31
C32,RandomName32
C33,RandomName33
C34,RandomName34
C35,RandomName35
C36,RandomName36
C37,RandomName37
C38,RandomName38
C39,RandomName39
C40,RandomName40
C41,RandomName41
C42,RandomName42
C43,RandomName43
C44,RandomName44
C45,RandomName45
C46,RandomName46
C47,RandomName47
C48,RandomName48
C49,RandomName49
C50,RandomName50
C51,RandomName51
C52,RandomName52
C53,RandomName53
C54,RandomName54
C55,RandomName55
C56,RandomName56
C57,RandomName57
C58,RandomName58
C59,RandomName59
C60,RandomName60
C61,RandomName61
C62,RandomName62
C63,RandomName63
C64,RandomName64
C65,RandomName65
C66,RandomName66
C67,RandomName67
C68,RandomName68
C69,RandomName69
C70,RandomName70
C71,RandomName71
C72,RandomName72
C73,RandomName73
C74,RandomName74
C75,RandomName75
C76,RandomName76
C77,RandomName77
C78,RandomName78
C79,RandomName79
C80,RandomName80
C81,RandomName81
C82,RandomName82
C83,RandomName83
C84,RandomName84
C85,RandomName85
C86,RandomName86
C87,RandomName87
C88,RandomName88
C89,RandomName89
C90,RandomName90
C91,RandomName91
C92,RandomName92
C93,RandomName93
C94,RandomName94
C95,RandomName95
C96,RandomName96
C97,RandomName97
C98,RandomName98
C99,RandomName99
C100,RandomName100
C101,RandomName101
C102,RandomName102
C103,RandomName103
C104,RandomName104
C105,RandomName105
C106,RandomName106
C107,RandomName107
C108,RandomName108
C109,RandomName109
C110,RandomName110
C111,RandomName111
C112,RandomName112
C113,RandomName113
C114,RandomName114
C115,RandomName115
C116,RandomName116
C117,RandomName117
C118,RandomName118
C119,RandomName119
C120,RandomName120
C121,RandomName121
C122,RandomName122
C123,RandomName123
C124,RandomName124
C125,RandomName125
C126,RandomName126
C127,RandomName127
C128,RandomName128
C129,RandomName129
C130,RandomName130
C131,RandomName131
C132,RandomName132
C133,RandomName133
C134,RandomName134
C135,RandomName135
C136,RandomName136
C137,RandomName137
C138,RandomName138
C139,RandomName139
C140,RandomName140
C141,RandomName141
C142,RandomName142
C143,RandomName143
C144,RandomName144
C145,RandomName145
C146,RandomName146
C147,RandomName147
C148,RandomName148
C149,RandomName149
C150,RandomName150
C151,RandomName151
C152,RandomName152
C153,RandomName153
C154,RandomName154
C155,RandomName155
C156,RandomName156
C157,RandomName157
C158,RandomName158
C159,RandomName159
C160,RandomName160
C161,RandomName161
C162,RandomName162
C163,RandomName163
C164,RandomName164
C165,RandomName165
C166,RandomName166
C167,RandomName167
C168,RandomName168
C169,RandomName169
C170,RandomName170
C171,RandomName171
C172,RandomName172
C173,RandomName173
C174,RandomName174
C175,RandomName175
C176,RandomName176
C177,RandomName177
C178,RandomName178
C179,RandomName179
C180,RandomName180
C181,RandomName181
C182,RandomName182
C183,RandomName183
C184,RandomName184
C185,RandomName185
C186,RandomName186
C187,RandomName187
C188,RandomName188
C189,RandomName189
C190,RandomName190
C191,RandomName191
C192,RandomName192
C193,RandomName193
C194,RandomName194
C195,RandomName195
C196,RandomName196
C197,RandomName197
C198,RandomName198
C199,RandomName199
C200,RandomName200